{"frames": [

{
	"filename": "item_bueno_die instance 10000",
	"frame": {"x":0,"y":0,"w":61,"h":61},
	"rotated": false,
	"trimmed": true,
	"spriteSourceSize": {"x":8,"y":8,"w":76,"h":77},
	"sourceSize": {"w":76,"h":77}
}
,{
	"filename": "item_bueno_die instance 10001",
	"frame": {"x":61,"y":0,"w":63,"h":63},
	"rotated": false,
	"trimmed": true,
	"spriteSourceSize": {"x":7,"y":7,"w":76,"h":77},
	"sourceSize": {"w":76,"h":77}
}
,{
	"filename": "item_bueno_die instance 10002",
	"frame": {"x":124,"y":0,"w":66,"h":66},
	"rotated": false,
	"trimmed": true,
	"spriteSourceSize": {"x":5,"y":5,"w":76,"h":77},
	"sourceSize": {"w":76,"h":77}
}
,{
	"filename": "item_bueno_die instance 10003",
	"frame": {"x":0,"y":66,"w":69,"h":69},
	"rotated": false,
	"trimmed": true,
	"spriteSourceSize": {"x":4,"y":4,"w":76,"h":77},
	"sourceSize": {"w":76,"h":77}
}
,{
	"filename": "item_bueno_die instance 10004",
	"frame": {"x":69,"y":66,"w":71,"h":71},
	"rotated": false,
	"trimmed": true,
	"spriteSourceSize": {"x":3,"y":3,"w":76,"h":77},
	"sourceSize": {"w":76,"h":77}
}
,{
	"filename": "item_bueno_die instance 10005",
	"frame": {"x":140,"y":66,"w":74,"h":73},
	"rotated": false,
	"trimmed": true,
	"spriteSourceSize": {"x":1,"y":2,"w":76,"h":77},
	"sourceSize": {"w":76,"h":77}
}
,{
	"filename": "item_bueno_die instance 10006",
	"frame": {"x":0,"y":139,"w":76,"h":77},
	"rotated": false,
	"trimmed": false,
	"spriteSourceSize": {"x":0,"y":0,"w":76,"h":77},
	"sourceSize": {"w":76,"h":77}
}
,{
	"filename": "item_bueno_die instance 10007",
	"frame": {"x":76,"y":139,"w":70,"h":69},
	"rotated": false,
	"trimmed": true,
	"spriteSourceSize": {"x":3,"y":4,"w":76,"h":77},
	"sourceSize": {"w":76,"h":77}
}
,{
	"filename": "item_bueno_die instance 10008",
	"frame": {"x":146,"y":139,"w":63,"h":63},
	"rotated": false,
	"trimmed": true,
	"spriteSourceSize": {"x":7,"y":7,"w":76,"h":77},
	"sourceSize": {"w":76,"h":77}
}
,{
	"filename": "item_bueno_die instance 10009",
	"frame": {"x":0,"y":216,"w":56,"h":56},
	"rotated": false,
	"trimmed": true,
	"spriteSourceSize": {"x":10,"y":10,"w":76,"h":77},
	"sourceSize": {"w":76,"h":77}
}
,{
	"filename": "item_bueno_die instance 10010",
	"frame": {"x":56,"y":216,"w":49,"h":49},
	"rotated": false,
	"trimmed": true,
	"spriteSourceSize": {"x":14,"y":14,"w":76,"h":77},
	"sourceSize": {"w":76,"h":77}
}
,{
	"filename": "item_bueno_die instance 10011",
	"frame": {"x":105,"y":216,"w":43,"h":43},
	"rotated": false,
	"trimmed": true,
	"spriteSourceSize": {"x":17,"y":17,"w":76,"h":77},
	"sourceSize": {"w":76,"h":77}
}
,{
	"filename": "item_bueno_die instance 10012",
	"frame": {"x":148,"y":216,"w":36,"h":36},
	"rotated": false,
	"trimmed": true,
	"spriteSourceSize": {"x":20,"y":20,"w":76,"h":77},
	"sourceSize": {"w":76,"h":77}
}
,{
	"filename": "item_bueno_die instance 10013",
	"frame": {"x":184,"y":216,"w":29,"h":29},
	"rotated": false,
	"trimmed": true,
	"spriteSourceSize": {"x":24,"y":24,"w":76,"h":77},
	"sourceSize": {"w":76,"h":77}
}
,{
	"filename": "item_bueno_die instance 10014",
	"frame": {"x":213,"y":216,"w":22,"h":23},
	"rotated": false,
	"trimmed": true,
	"spriteSourceSize": {"x":27,"y":27,"w":76,"h":77},
	"sourceSize": {"w":76,"h":77}
}
,{
	"filename": "item_bueno_die instance 10015",
	"frame": {"x":235,"y":216,"w":16,"h":15},
	"rotated": false,
	"trimmed": true,
	"spriteSourceSize": {"x":30,"y":31,"w":76,"h":77},
	"sourceSize": {"w":76,"h":77}
}],
"meta": {
	"app": "Adobe Flash Professional",
	"version": "13.0.0.759",
	"image": "item_good_die.png",
	"format": "RGBA8888",
	"size": {"w":256,"h":512},
	"scale": "1"
}
}
