{"frames": [

{
	"filename": "item_malo_die instance 10000",
	"frame": {"x":0,"y":0,"w":60,"h":61},
	"rotated": false,
	"trimmed": true,
	"spriteSourceSize": {"x":8,"y":7,"w":76,"h":76},
	"sourceSize": {"w":76,"h":76}
}
,{
	"filename": "item_malo_die instance 10001",
	"frame": {"x":60,"y":0,"w":66,"h":66},
	"rotated": false,
	"trimmed": true,
	"spriteSourceSize": {"x":5,"y":5,"w":76,"h":76},
	"sourceSize": {"w":76,"h":76}
}
,{
	"filename": "item_malo_die instance 10002",
	"frame": {"x":126,"y":0,"w":70,"h":70},
	"rotated": false,
	"trimmed": true,
	"spriteSourceSize": {"x":3,"y":3,"w":76,"h":76},
	"sourceSize": {"w":76,"h":76}
}
,{
	"filename": "item_malo_die instance 10003",
	"frame": {"x":0,"y":70,"w":74,"h":74},
	"rotated": false,
	"trimmed": true,
	"spriteSourceSize": {"x":1,"y":1,"w":76,"h":76},
	"sourceSize": {"w":76,"h":76}
}
,{
	"filename": "item_malo_die instance 10004",
	"frame": {"x":74,"y":70,"w":76,"h":76},
	"rotated": false,
	"trimmed": true,
	"spriteSourceSize": {"x":0,"y":0,"w":76,"h":76},
	"sourceSize": {"w":76,"h":76}
}
,{
	"filename": "item_malo_die instance 10005",
	"frame": {"x":150,"y":70,"w":76,"h":76},
	"rotated": false,
	"trimmed": false,
	"spriteSourceSize": {"x":0,"y":0,"w":76,"h":76},
	"sourceSize": {"w":76,"h":76}
}
,{
	"filename": "item_malo_die instance 10006",
	"frame": {"x":0,"y":146,"w":64,"h":64},
	"rotated": false,
	"trimmed": true,
	"spriteSourceSize": {"x":6,"y":6,"w":76,"h":76},
	"sourceSize": {"w":76,"h":76}
}
,{
	"filename": "item_malo_die instance 10007",
	"frame": {"x":64,"y":146,"w":54,"h":54},
	"rotated": false,
	"trimmed": true,
	"spriteSourceSize": {"x":11,"y":11,"w":76,"h":76},
	"sourceSize": {"w":76,"h":76}
}
,{
	"filename": "item_malo_die instance 10008",
	"frame": {"x":118,"y":146,"w":46,"h":46},
	"rotated": false,
	"trimmed": true,
	"spriteSourceSize": {"x":15,"y":15,"w":76,"h":76},
	"sourceSize": {"w":76,"h":76}
}
,{
	"filename": "item_malo_die instance 10009",
	"frame": {"x":164,"y":146,"w":38,"h":38},
	"rotated": false,
	"trimmed": true,
	"spriteSourceSize": {"x":19,"y":19,"w":76,"h":76},
	"sourceSize": {"w":76,"h":76}
}
,{
	"filename": "item_malo_die instance 10010",
	"frame": {"x":202,"y":146,"w":32,"h":32},
	"rotated": false,
	"trimmed": true,
	"spriteSourceSize": {"x":22,"y":22,"w":76,"h":76},
	"sourceSize": {"w":76,"h":76}
}
,{
	"filename": "item_malo_die instance 10011",
	"frame": {"x":0,"y":210,"w":26,"h":26},
	"rotated": false,
	"trimmed": true,
	"spriteSourceSize": {"x":25,"y":25,"w":76,"h":76},
	"sourceSize": {"w":76,"h":76}
}
,{
	"filename": "item_malo_die instance 10012",
	"frame": {"x":26,"y":210,"w":22,"h":22},
	"rotated": false,
	"trimmed": true,
	"spriteSourceSize": {"x":27,"y":27,"w":76,"h":76},
	"sourceSize": {"w":76,"h":76}
}
,{
	"filename": "item_malo_die instance 10013",
	"frame": {"x":48,"y":210,"w":18,"h":18},
	"rotated": false,
	"trimmed": true,
	"spriteSourceSize": {"x":29,"y":29,"w":76,"h":76},
	"sourceSize": {"w":76,"h":76}
}
,{
	"filename": "item_malo_die instance 10014",
	"frame": {"x":66,"y":210,"w":18,"h":17},
	"rotated": false,
	"trimmed": true,
	"spriteSourceSize": {"x":29,"y":29,"w":76,"h":76},
	"sourceSize": {"w":76,"h":76}
}
,{
	"filename": "item_malo_die instance 10015",
	"frame": {"x":84,"y":210,"w":16,"h":16},
	"rotated": false,
	"trimmed": true,
	"spriteSourceSize": {"x":30,"y":30,"w":76,"h":76},
	"sourceSize": {"w":76,"h":76}
}],
"meta": {
	"app": "Adobe Flash Professional",
	"version": "13.0.0.759",
	"image": "item_bad_die.png",
	"format": "RGBA8888",
	"size": {"w":256,"h":256},
	"scale": "1"
}
}
