{"frames": [

{
	"filename": "Die instance 10000",
	"frame": {"x":0,"y":0,"w":53,"h":90},
	"rotated": false,
	"trimmed": true,
	"spriteSourceSize": {"x":2,"y":10,"w":77,"h":102},
	"sourceSize": {"w":77,"h":102}
}
,{
	"filename": "Die instance 10001",
	"frame": {"x":53,"y":0,"w":53,"h":84},
	"rotated": false,
	"trimmed": true,
	"spriteSourceSize": {"x":2,"y":16,"w":77,"h":102},
	"sourceSize": {"w":77,"h":102}
}
,{
	"filename": "Die instance 10002",
	"frame": {"x":106,"y":0,"w":53,"h":78},
	"rotated": false,
	"trimmed": true,
	"spriteSourceSize": {"x":2,"y":22,"w":77,"h":102},
	"sourceSize": {"w":77,"h":102}
}
,{
	"filename": "Die instance 10003",
	"frame": {"x":159,"y":0,"w":55,"h":71},
	"rotated": false,
	"trimmed": true,
	"spriteSourceSize": {"x":1,"y":29,"w":77,"h":102},
	"sourceSize": {"w":77,"h":102}
}
,{
	"filename": "Die instance 10004",
	"frame": {"x":214,"y":0,"w":55,"h":65},
	"rotated": false,
	"trimmed": true,
	"spriteSourceSize": {"x":1,"y":35,"w":77,"h":102},
	"sourceSize": {"w":77,"h":102}
}
,{
	"filename": "Die instance 10005",
	"frame": {"x":269,"y":0,"w":55,"h":59},
	"rotated": false,
	"trimmed": true,
	"spriteSourceSize": {"x":1,"y":41,"w":77,"h":102},
	"sourceSize": {"w":77,"h":102}
}
,{
	"filename": "Die instance 10006",
	"frame": {"x":324,"y":0,"w":57,"h":53},
	"rotated": false,
	"trimmed": true,
	"spriteSourceSize": {"x":0,"y":47,"w":77,"h":102},
	"sourceSize": {"w":77,"h":102}
}
,{
	"filename": "Die instance 10007",
	"frame": {"x":381,"y":0,"w":54,"h":60},
	"rotated": false,
	"trimmed": true,
	"spriteSourceSize": {"x":1,"y":40,"w":77,"h":102},
	"sourceSize": {"w":77,"h":102}
}
,{
	"filename": "Die instance 10008",
	"frame": {"x":435,"y":0,"w":53,"h":68},
	"rotated": false,
	"trimmed": true,
	"spriteSourceSize": {"x":1,"y":32,"w":77,"h":102},
	"sourceSize": {"w":77,"h":102}
}
,{
	"filename": "Die instance 10009",
	"frame": {"x":0,"y":90,"w":51,"h":76},
	"rotated": false,
	"trimmed": true,
	"spriteSourceSize": {"x":2,"y":24,"w":77,"h":102},
	"sourceSize": {"w":77,"h":102}
}
,{
	"filename": "Die instance 10010",
	"frame": {"x":51,"y":90,"w":50,"h":84},
	"rotated": false,
	"trimmed": true,
	"spriteSourceSize": {"x":2,"y":16,"w":77,"h":102},
	"sourceSize": {"w":77,"h":102}
}
,{
	"filename": "Die instance 10011",
	"frame": {"x":101,"y":90,"w":49,"h":92},
	"rotated": false,
	"trimmed": true,
	"spriteSourceSize": {"x":3,"y":8,"w":77,"h":102},
	"sourceSize": {"w":77,"h":102}
}
,{
	"filename": "Die instance 10012",
	"frame": {"x":150,"y":90,"w":50,"h":99},
	"rotated": false,
	"trimmed": true,
	"spriteSourceSize": {"x":3,"y":0,"w":77,"h":102},
	"sourceSize": {"w":77,"h":102}
}
,{
	"filename": "Die instance 10013",
	"frame": {"x":200,"y":90,"w":50,"h":96},
	"rotated": false,
	"trimmed": true,
	"spriteSourceSize": {"x":3,"y":3,"w":77,"h":102},
	"sourceSize": {"w":77,"h":102}
}
,{
	"filename": "Die instance 10014",
	"frame": {"x":250,"y":90,"w":51,"h":94},
	"rotated": false,
	"trimmed": true,
	"spriteSourceSize": {"x":3,"y":5,"w":77,"h":102},
	"sourceSize": {"w":77,"h":102}
}
,{
	"filename": "Die instance 10015",
	"frame": {"x":301,"y":90,"w":50,"h":92},
	"rotated": false,
	"trimmed": true,
	"spriteSourceSize": {"x":4,"y":7,"w":77,"h":102},
	"sourceSize": {"w":77,"h":102}
}
,{
	"filename": "Die instance 10016",
	"frame": {"x":351,"y":90,"w":50,"h":89},
	"rotated": false,
	"trimmed": true,
	"spriteSourceSize": {"x":4,"y":9,"w":77,"h":102},
	"sourceSize": {"w":77,"h":102}
}
,{
	"filename": "Die instance 10017",
	"frame": {"x":401,"y":90,"w":51,"h":87},
	"rotated": false,
	"trimmed": true,
	"spriteSourceSize": {"x":4,"y":11,"w":77,"h":102},
	"sourceSize": {"w":77,"h":102}
}
,{
	"filename": "Die instance 10018",
	"frame": {"x":452,"y":90,"w":51,"h":84},
	"rotated": false,
	"trimmed": true,
	"spriteSourceSize": {"x":4,"y":14,"w":77,"h":102},
	"sourceSize": {"w":77,"h":102}
}
,{
	"filename": "Die instance 10019",
	"frame": {"x":0,"y":189,"w":51,"h":82},
	"rotated": false,
	"trimmed": true,
	"spriteSourceSize": {"x":4,"y":16,"w":77,"h":102},
	"sourceSize": {"w":77,"h":102}
}
,{
	"filename": "Die instance 10020",
	"frame": {"x":51,"y":189,"w":52,"h":79},
	"rotated": false,
	"trimmed": true,
	"spriteSourceSize": {"x":4,"y":18,"w":77,"h":102},
	"sourceSize": {"w":77,"h":102}
}
,{
	"filename": "Die instance 10021",
	"frame": {"x":103,"y":189,"w":53,"h":77},
	"rotated": false,
	"trimmed": true,
	"spriteSourceSize": {"x":4,"y":20,"w":77,"h":102},
	"sourceSize": {"w":77,"h":102}
}
,{
	"filename": "Die instance 10022",
	"frame": {"x":156,"y":189,"w":53,"h":77},
	"rotated": false,
	"trimmed": true,
	"spriteSourceSize": {"x":4,"y":22,"w":77,"h":102},
	"sourceSize": {"w":77,"h":102}
}
,{
	"filename": "Die instance 10023",
	"frame": {"x":209,"y":189,"w":55,"h":69},
	"rotated": false,
	"trimmed": true,
	"spriteSourceSize": {"x":5,"y":30,"w":77,"h":102},
	"sourceSize": {"w":77,"h":102}
}
,{
	"filename": "Die instance 10024",
	"frame": {"x":264,"y":189,"w":56,"h":62},
	"rotated": false,
	"trimmed": true,
	"spriteSourceSize": {"x":6,"y":37,"w":77,"h":102},
	"sourceSize": {"w":77,"h":102}
}
,{
	"filename": "Die instance 10025",
	"frame": {"x":320,"y":189,"w":59,"h":54},
	"rotated": false,
	"trimmed": true,
	"spriteSourceSize": {"x":6,"y":45,"w":77,"h":102},
	"sourceSize": {"w":77,"h":102}
}
,{
	"filename": "Die instance 10026",
	"frame": {"x":379,"y":189,"w":61,"h":50},
	"rotated": false,
	"trimmed": true,
	"spriteSourceSize": {"x":6,"y":52,"w":77,"h":102},
	"sourceSize": {"w":77,"h":102}
}
,{
	"filename": "Die instance 10027",
	"frame": {"x":440,"y":189,"w":57,"h":48},
	"rotated": false,
	"trimmed": true,
	"spriteSourceSize": {"x":10,"y":54,"w":77,"h":102},
	"sourceSize": {"w":77,"h":102}
}
,{
	"filename": "Die instance 10028",
	"frame": {"x":0,"y":271,"w":58,"h":47},
	"rotated": false,
	"trimmed": true,
	"spriteSourceSize": {"x":12,"y":55,"w":77,"h":102},
	"sourceSize": {"w":77,"h":102}
}
,{
	"filename": "Die instance 10029",
	"frame": {"x":58,"y":271,"w":61,"h":45},
	"rotated": false,
	"trimmed": true,
	"spriteSourceSize": {"x":13,"y":57,"w":77,"h":102},
	"sourceSize": {"w":77,"h":102}
}
,{
	"filename": "Die instance 10030",
	"frame": {"x":119,"y":271,"w":67,"h":43},
	"rotated": false,
	"trimmed": true,
	"spriteSourceSize": {"x":10,"y":59,"w":77,"h":102},
	"sourceSize": {"w":77,"h":102}
}
,{
	"filename": "Die instance 10031",
	"frame": {"x":186,"y":271,"w":66,"h":44},
	"rotated": false,
	"trimmed": true,
	"spriteSourceSize": {"x":11,"y":57,"w":77,"h":102},
	"sourceSize": {"w":77,"h":102}
}
,{
	"filename": "Die instance 10032",
	"frame": {"x":252,"y":271,"w":65,"h":44},
	"rotated": false,
	"trimmed": true,
	"spriteSourceSize": {"x":11,"y":56,"w":77,"h":102},
	"sourceSize": {"w":77,"h":102}
}
,{
	"filename": "Die instance 10033",
	"frame": {"x":317,"y":271,"w":63,"h":46},
	"rotated": false,
	"trimmed": true,
	"spriteSourceSize": {"x":12,"y":55,"w":77,"h":102},
	"sourceSize": {"w":77,"h":102}
}
,{
	"filename": "Die instance 10034",
	"frame": {"x":380,"y":271,"w":62,"h":48},
	"rotated": false,
	"trimmed": true,
	"spriteSourceSize": {"x":12,"y":53,"w":77,"h":102},
	"sourceSize": {"w":77,"h":102}
}
,{
	"filename": "Die instance 10035",
	"frame": {"x":380,"y":271,"w":62,"h":48},
	"rotated": false,
	"trimmed": true,
	"spriteSourceSize": {"x":12,"y":53,"w":77,"h":102},
	"sourceSize": {"w":77,"h":102}
}
,{
	"filename": "Die instance 10036",
	"frame": {"x":380,"y":271,"w":62,"h":48},
	"rotated": false,
	"trimmed": true,
	"spriteSourceSize": {"x":12,"y":53,"w":77,"h":102},
	"sourceSize": {"w":77,"h":102}
}
,{
	"filename": "Die instance 10037",
	"frame": {"x":380,"y":271,"w":62,"h":48},
	"rotated": false,
	"trimmed": true,
	"spriteSourceSize": {"x":12,"y":53,"w":77,"h":102},
	"sourceSize": {"w":77,"h":102}
}
,{
	"filename": "Die instance 10038",
	"frame": {"x":380,"y":271,"w":62,"h":48},
	"rotated": false,
	"trimmed": true,
	"spriteSourceSize": {"x":12,"y":53,"w":77,"h":102},
	"sourceSize": {"w":77,"h":102}
}
,{
	"filename": "Die instance 10039",
	"frame": {"x":380,"y":271,"w":62,"h":48},
	"rotated": false,
	"trimmed": true,
	"spriteSourceSize": {"x":12,"y":53,"w":77,"h":102},
	"sourceSize": {"w":77,"h":102}
}
,{
	"filename": "Die instance 10040",
	"frame": {"x":380,"y":271,"w":62,"h":48},
	"rotated": false,
	"trimmed": true,
	"spriteSourceSize": {"x":12,"y":53,"w":77,"h":102},
	"sourceSize": {"w":77,"h":102}
}
,{
	"filename": "Die instance 10041",
	"frame": {"x":380,"y":271,"w":62,"h":48},
	"rotated": false,
	"trimmed": true,
	"spriteSourceSize": {"x":12,"y":53,"w":77,"h":102},
	"sourceSize": {"w":77,"h":102}
}
,{
	"filename": "Die instance 10042",
	"frame": {"x":380,"y":271,"w":62,"h":48},
	"rotated": false,
	"trimmed": true,
	"spriteSourceSize": {"x":12,"y":53,"w":77,"h":102},
	"sourceSize": {"w":77,"h":102}
}
,{
	"filename": "Die instance 10043",
	"frame": {"x":380,"y":271,"w":62,"h":48},
	"rotated": false,
	"trimmed": true,
	"spriteSourceSize": {"x":12,"y":53,"w":77,"h":102},
	"sourceSize": {"w":77,"h":102}
}
,{
	"filename": "Die instance 10044",
	"frame": {"x":380,"y":271,"w":62,"h":48},
	"rotated": false,
	"trimmed": true,
	"spriteSourceSize": {"x":12,"y":53,"w":77,"h":102},
	"sourceSize": {"w":77,"h":102}
}
,{
	"filename": "Die instance 10045",
	"frame": {"x":380,"y":271,"w":62,"h":48},
	"rotated": false,
	"trimmed": true,
	"spriteSourceSize": {"x":12,"y":53,"w":77,"h":102},
	"sourceSize": {"w":77,"h":102}
}
,{
	"filename": "Die instance 10046",
	"frame": {"x":380,"y":271,"w":62,"h":48},
	"rotated": false,
	"trimmed": true,
	"spriteSourceSize": {"x":12,"y":53,"w":77,"h":102},
	"sourceSize": {"w":77,"h":102}
}
,{
	"filename": "Die instance 10047",
	"frame": {"x":380,"y":271,"w":62,"h":48},
	"rotated": false,
	"trimmed": true,
	"spriteSourceSize": {"x":12,"y":53,"w":77,"h":102},
	"sourceSize": {"w":77,"h":102}
}
,{
	"filename": "Die instance 10048",
	"frame": {"x":380,"y":271,"w":62,"h":48},
	"rotated": false,
	"trimmed": true,
	"spriteSourceSize": {"x":12,"y":53,"w":77,"h":102},
	"sourceSize": {"w":77,"h":102}
}
,{
	"filename": "Die instance 10049",
	"frame": {"x":380,"y":271,"w":62,"h":48},
	"rotated": false,
	"trimmed": true,
	"spriteSourceSize": {"x":12,"y":53,"w":77,"h":102},
	"sourceSize": {"w":77,"h":102}
}],
"meta": {
	"app": "Adobe Flash Professional",
	"version": "13.0.0.759",
	"image": "player_die.png",
	"format": "RGBA8888",
	"size": {"w":512,"h":512},
	"scale": "1"
}
}
