{"frames": [

{
	"filename": "Walk0000",
	"frame": {"x":0,"y":0,"w":58,"h":106},
	"rotated": false,
	"trimmed": false,
	"spriteSourceSize": {"x":0,"y":0,"w":58,"h":106},
	"sourceSize": {"w":58,"h":106}
}
,{
	"filename": "Walk0001",
	"frame": {"x":58,"y":0,"w":58,"h":106},
	"rotated": false,
	"trimmed": false,
	"spriteSourceSize": {"x":0,"y":0,"w":58,"h":106},
	"sourceSize": {"w":58,"h":106}
}
,{
	"filename": "Walk0002",
	"frame": {"x":116,"y":0,"w":58,"h":106},
	"rotated": false,
	"trimmed": false,
	"spriteSourceSize": {"x":0,"y":0,"w":58,"h":106},
	"sourceSize": {"w":58,"h":106}
}
,{
	"filename": "Walk0003",
	"frame": {"x":174,"y":0,"w":58,"h":106},
	"rotated": false,
	"trimmed": false,
	"spriteSourceSize": {"x":0,"y":0,"w":58,"h":106},
	"sourceSize": {"w":58,"h":106}
}
,{
	"filename": "Walk0004",
	"frame": {"x":232,"y":0,"w":58,"h":106},
	"rotated": false,
	"trimmed": false,
	"spriteSourceSize": {"x":0,"y":0,"w":58,"h":106},
	"sourceSize": {"w":58,"h":106}
}
,{
	"filename": "Walk0005",
	"frame": {"x":290,"y":0,"w":58,"h":106},
	"rotated": false,
	"trimmed": false,
	"spriteSourceSize": {"x":0,"y":0,"w":58,"h":106},
	"sourceSize": {"w":58,"h":106}
}
,{
	"filename": "Walk0006",
	"frame": {"x":348,"y":0,"w":58,"h":106},
	"rotated": false,
	"trimmed": false,
	"spriteSourceSize": {"x":0,"y":0,"w":58,"h":106},
	"sourceSize": {"w":58,"h":106}
}
,{
	"filename": "Walk0007",
	"frame": {"x":406,"y":0,"w":58,"h":106},
	"rotated": false,
	"trimmed": false,
	"spriteSourceSize": {"x":0,"y":0,"w":58,"h":106},
	"sourceSize": {"w":58,"h":106}
}
,{
	"filename": "Walk0008",
	"frame": {"x":0,"y":106,"w":58,"h":106},
	"rotated": false,
	"trimmed": false,
	"spriteSourceSize": {"x":0,"y":0,"w":58,"h":106},
	"sourceSize": {"w":58,"h":106}
}
,{
	"filename": "Walk0009",
	"frame": {"x":58,"y":106,"w":58,"h":106},
	"rotated": false,
	"trimmed": false,
	"spriteSourceSize": {"x":0,"y":0,"w":58,"h":106},
	"sourceSize": {"w":58,"h":106}
}
,{
	"filename": "Walk0010",
	"frame": {"x":116,"y":106,"w":58,"h":106},
	"rotated": false,
	"trimmed": false,
	"spriteSourceSize": {"x":0,"y":0,"w":58,"h":106},
	"sourceSize": {"w":58,"h":106}
}
,{
	"filename": "Walk0011",
	"frame": {"x":174,"y":106,"w":58,"h":106},
	"rotated": false,
	"trimmed": false,
	"spriteSourceSize": {"x":0,"y":0,"w":58,"h":106},
	"sourceSize": {"w":58,"h":106}
}
,{
	"filename": "Walk0012",
	"frame": {"x":232,"y":106,"w":58,"h":106},
	"rotated": false,
	"trimmed": false,
	"spriteSourceSize": {"x":0,"y":0,"w":58,"h":106},
	"sourceSize": {"w":58,"h":106}
}
,{
	"filename": "Walk0013",
	"frame": {"x":290,"y":106,"w":58,"h":106},
	"rotated": false,
	"trimmed": false,
	"spriteSourceSize": {"x":0,"y":0,"w":58,"h":106},
	"sourceSize": {"w":58,"h":106}
}
,{
	"filename": "Walk0014",
	"frame": {"x":348,"y":106,"w":58,"h":106},
	"rotated": false,
	"trimmed": false,
	"spriteSourceSize": {"x":0,"y":0,"w":58,"h":106},
	"sourceSize": {"w":58,"h":106}
}
,{
	"filename": "Walk0015",
	"frame": {"x":406,"y":106,"w":58,"h":106},
	"rotated": false,
	"trimmed": false,
	"spriteSourceSize": {"x":0,"y":0,"w":58,"h":106},
	"sourceSize": {"w":58,"h":106}
}
,{
	"filename": "Walk0016",
	"frame": {"x":0,"y":212,"w":58,"h":106},
	"rotated": false,
	"trimmed": false,
	"spriteSourceSize": {"x":0,"y":0,"w":58,"h":106},
	"sourceSize": {"w":58,"h":106}
}
,{
	"filename": "Walk0017",
	"frame": {"x":58,"y":212,"w":58,"h":106},
	"rotated": false,
	"trimmed": false,
	"spriteSourceSize": {"x":0,"y":0,"w":58,"h":106},
	"sourceSize": {"w":58,"h":106}
}
,{
	"filename": "Walk0018",
	"frame": {"x":116,"y":212,"w":58,"h":106},
	"rotated": false,
	"trimmed": false,
	"spriteSourceSize": {"x":0,"y":0,"w":58,"h":106},
	"sourceSize": {"w":58,"h":106}
}
,{
	"filename": "Walk0019",
	"frame": {"x":174,"y":212,"w":58,"h":106},
	"rotated": false,
	"trimmed": false,
	"spriteSourceSize": {"x":0,"y":0,"w":58,"h":106},
	"sourceSize": {"w":58,"h":106}
}
,{
	"filename": "Walk0020",
	"frame": {"x":232,"y":212,"w":58,"h":106},
	"rotated": false,
	"trimmed": false,
	"spriteSourceSize": {"x":0,"y":0,"w":58,"h":106},
	"sourceSize": {"w":58,"h":106}
}
,{
	"filename": "Walk0021",
	"frame": {"x":290,"y":212,"w":58,"h":106},
	"rotated": false,
	"trimmed": false,
	"spriteSourceSize": {"x":0,"y":0,"w":58,"h":106},
	"sourceSize": {"w":58,"h":106}
}
,{
	"filename": "Walk0022",
	"frame": {"x":348,"y":212,"w":58,"h":106},
	"rotated": false,
	"trimmed": false,
	"spriteSourceSize": {"x":0,"y":0,"w":58,"h":106},
	"sourceSize": {"w":58,"h":106}
}
,{
	"filename": "Walk0023",
	"frame": {"x":406,"y":212,"w":58,"h":106},
	"rotated": false,
	"trimmed": false,
	"spriteSourceSize": {"x":0,"y":0,"w":58,"h":106},
	"sourceSize": {"w":58,"h":106}
}
,{
	"filename": "Walk0024",
	"frame": {"x":0,"y":318,"w":58,"h":106},
	"rotated": false,
	"trimmed": false,
	"spriteSourceSize": {"x":0,"y":0,"w":58,"h":106},
	"sourceSize": {"w":58,"h":106}
}],
"meta": {
	"app": "Adobe Flash Professional",
	"version": "13.0.0.759",
	"image": "player_walk.png",
	"format": "RGBA8888",
	"size": {"w":512,"h":512},
	"scale": "1"
}
}
