{"frames": [

{
	"filename": "Stand0000",
	"frame": {"x":0,"y":0,"w":59,"h":103},
	"rotated": false,
	"trimmed": false,
	"spriteSourceSize": {"x":0,"y":0,"w":59,"h":103},
	"sourceSize": {"w":59,"h":103}
}
,{
	"filename": "Stand0001",
	"frame": {"x":59,"y":0,"w":59,"h":103},
	"rotated": false,
	"trimmed": false,
	"spriteSourceSize": {"x":0,"y":0,"w":59,"h":103},
	"sourceSize": {"w":59,"h":103}
}
,{
	"filename": "Stand0002",
	"frame": {"x":118,"y":0,"w":59,"h":103},
	"rotated": false,
	"trimmed": false,
	"spriteSourceSize": {"x":0,"y":0,"w":59,"h":103},
	"sourceSize": {"w":59,"h":103}
}
,{
	"filename": "Stand0003",
	"frame": {"x":177,"y":0,"w":59,"h":103},
	"rotated": false,
	"trimmed": false,
	"spriteSourceSize": {"x":0,"y":0,"w":59,"h":103},
	"sourceSize": {"w":59,"h":103}
}
,{
	"filename": "Stand0004",
	"frame": {"x":236,"y":0,"w":59,"h":103},
	"rotated": false,
	"trimmed": false,
	"spriteSourceSize": {"x":0,"y":0,"w":59,"h":103},
	"sourceSize": {"w":59,"h":103}
}
,{
	"filename": "Stand0005",
	"frame": {"x":295,"y":0,"w":59,"h":103},
	"rotated": false,
	"trimmed": false,
	"spriteSourceSize": {"x":0,"y":0,"w":59,"h":103},
	"sourceSize": {"w":59,"h":103}
}
,{
	"filename": "Stand0006",
	"frame": {"x":354,"y":0,"w":59,"h":103},
	"rotated": false,
	"trimmed": false,
	"spriteSourceSize": {"x":0,"y":0,"w":59,"h":103},
	"sourceSize": {"w":59,"h":103}
}
,{
	"filename": "Stand0007",
	"frame": {"x":413,"y":0,"w":59,"h":103},
	"rotated": false,
	"trimmed": false,
	"spriteSourceSize": {"x":0,"y":0,"w":59,"h":103},
	"sourceSize": {"w":59,"h":103}
}
,{
	"filename": "Stand0008",
	"frame": {"x":0,"y":103,"w":59,"h":103},
	"rotated": false,
	"trimmed": false,
	"spriteSourceSize": {"x":0,"y":0,"w":59,"h":103},
	"sourceSize": {"w":59,"h":103}
}
,{
	"filename": "Stand0009",
	"frame": {"x":59,"y":103,"w":59,"h":103},
	"rotated": false,
	"trimmed": false,
	"spriteSourceSize": {"x":0,"y":0,"w":59,"h":103},
	"sourceSize": {"w":59,"h":103}
}
,{
	"filename": "Stand0010",
	"frame": {"x":118,"y":103,"w":59,"h":103},
	"rotated": false,
	"trimmed": false,
	"spriteSourceSize": {"x":0,"y":0,"w":59,"h":103},
	"sourceSize": {"w":59,"h":103}
}
,{
	"filename": "Stand0011",
	"frame": {"x":177,"y":103,"w":59,"h":103},
	"rotated": false,
	"trimmed": false,
	"spriteSourceSize": {"x":0,"y":0,"w":59,"h":103},
	"sourceSize": {"w":59,"h":103}
}
,{
	"filename": "Stand0012",
	"frame": {"x":236,"y":103,"w":59,"h":103},
	"rotated": false,
	"trimmed": false,
	"spriteSourceSize": {"x":0,"y":0,"w":59,"h":103},
	"sourceSize": {"w":59,"h":103}
}
,{
	"filename": "Stand0013",
	"frame": {"x":295,"y":103,"w":59,"h":103},
	"rotated": false,
	"trimmed": false,
	"spriteSourceSize": {"x":0,"y":0,"w":59,"h":103},
	"sourceSize": {"w":59,"h":103}
}
,{
	"filename": "Stand0014",
	"frame": {"x":354,"y":103,"w":59,"h":103},
	"rotated": false,
	"trimmed": false,
	"spriteSourceSize": {"x":0,"y":0,"w":59,"h":103},
	"sourceSize": {"w":59,"h":103}
}
,{
	"filename": "Stand0015",
	"frame": {"x":413,"y":103,"w":59,"h":103},
	"rotated": false,
	"trimmed": false,
	"spriteSourceSize": {"x":0,"y":0,"w":59,"h":103},
	"sourceSize": {"w":59,"h":103}
}
,{
	"filename": "Stand0016",
	"frame": {"x":0,"y":206,"w":59,"h":103},
	"rotated": false,
	"trimmed": false,
	"spriteSourceSize": {"x":0,"y":0,"w":59,"h":103},
	"sourceSize": {"w":59,"h":103}
}
,{
	"filename": "Stand0017",
	"frame": {"x":59,"y":206,"w":59,"h":103},
	"rotated": false,
	"trimmed": false,
	"spriteSourceSize": {"x":0,"y":0,"w":59,"h":103},
	"sourceSize": {"w":59,"h":103}
}
,{
	"filename": "Stand0018",
	"frame": {"x":118,"y":206,"w":59,"h":103},
	"rotated": false,
	"trimmed": false,
	"spriteSourceSize": {"x":0,"y":0,"w":59,"h":103},
	"sourceSize": {"w":59,"h":103}
}
,{
	"filename": "Stand0019",
	"frame": {"x":177,"y":206,"w":59,"h":103},
	"rotated": false,
	"trimmed": false,
	"spriteSourceSize": {"x":0,"y":0,"w":59,"h":103},
	"sourceSize": {"w":59,"h":103}
}
,{
	"filename": "Stand0020",
	"frame": {"x":236,"y":206,"w":59,"h":103},
	"rotated": false,
	"trimmed": false,
	"spriteSourceSize": {"x":0,"y":0,"w":59,"h":103},
	"sourceSize": {"w":59,"h":103}
}
,{
	"filename": "Stand0021",
	"frame": {"x":295,"y":206,"w":59,"h":103},
	"rotated": false,
	"trimmed": false,
	"spriteSourceSize": {"x":0,"y":0,"w":59,"h":103},
	"sourceSize": {"w":59,"h":103}
}
,{
	"filename": "Stand0022",
	"frame": {"x":354,"y":206,"w":59,"h":103},
	"rotated": false,
	"trimmed": false,
	"spriteSourceSize": {"x":0,"y":0,"w":59,"h":103},
	"sourceSize": {"w":59,"h":103}
}
,{
	"filename": "Stand0023",
	"frame": {"x":413,"y":206,"w":59,"h":103},
	"rotated": false,
	"trimmed": false,
	"spriteSourceSize": {"x":0,"y":0,"w":59,"h":103},
	"sourceSize": {"w":59,"h":103}
}
,{
	"filename": "Stand0024",
	"frame": {"x":0,"y":309,"w":59,"h":103},
	"rotated": false,
	"trimmed": false,
	"spriteSourceSize": {"x":0,"y":0,"w":59,"h":103},
	"sourceSize": {"w":59,"h":103}
}
,{
	"filename": "Stand0025",
	"frame": {"x":59,"y":309,"w":59,"h":103},
	"rotated": false,
	"trimmed": false,
	"spriteSourceSize": {"x":0,"y":0,"w":59,"h":103},
	"sourceSize": {"w":59,"h":103}
}
,{
	"filename": "Stand0026",
	"frame": {"x":118,"y":309,"w":59,"h":103},
	"rotated": false,
	"trimmed": false,
	"spriteSourceSize": {"x":0,"y":0,"w":59,"h":103},
	"sourceSize": {"w":59,"h":103}
}
,{
	"filename": "Stand0027",
	"frame": {"x":177,"y":309,"w":59,"h":103},
	"rotated": false,
	"trimmed": false,
	"spriteSourceSize": {"x":0,"y":0,"w":59,"h":103},
	"sourceSize": {"w":59,"h":103}
}
,{
	"filename": "Stand0028",
	"frame": {"x":236,"y":309,"w":59,"h":103},
	"rotated": false,
	"trimmed": false,
	"spriteSourceSize": {"x":0,"y":0,"w":59,"h":103},
	"sourceSize": {"w":59,"h":103}
}
,{
	"filename": "Stand0029",
	"frame": {"x":295,"y":309,"w":59,"h":103},
	"rotated": false,
	"trimmed": false,
	"spriteSourceSize": {"x":0,"y":0,"w":59,"h":103},
	"sourceSize": {"w":59,"h":103}
}
,{
	"filename": "Stand0030",
	"frame": {"x":354,"y":309,"w":59,"h":103},
	"rotated": false,
	"trimmed": false,
	"spriteSourceSize": {"x":0,"y":0,"w":59,"h":103},
	"sourceSize": {"w":59,"h":103}
}
,{
	"filename": "Stand0031",
	"frame": {"x":413,"y":309,"w":59,"h":103},
	"rotated": false,
	"trimmed": false,
	"spriteSourceSize": {"x":0,"y":0,"w":59,"h":103},
	"sourceSize": {"w":59,"h":103}
}
,{
	"filename": "Stand0032",
	"frame": {"x":0,"y":412,"w":59,"h":103},
	"rotated": false,
	"trimmed": false,
	"spriteSourceSize": {"x":0,"y":0,"w":59,"h":103},
	"sourceSize": {"w":59,"h":103}
}
,{
	"filename": "Stand0033",
	"frame": {"x":59,"y":412,"w":59,"h":103},
	"rotated": false,
	"trimmed": false,
	"spriteSourceSize": {"x":0,"y":0,"w":59,"h":103},
	"sourceSize": {"w":59,"h":103}
}
,{
	"filename": "Stand0034",
	"frame": {"x":118,"y":412,"w":59,"h":103},
	"rotated": false,
	"trimmed": false,
	"spriteSourceSize": {"x":0,"y":0,"w":59,"h":103},
	"sourceSize": {"w":59,"h":103}
}
,{
	"filename": "Stand0035",
	"frame": {"x":177,"y":412,"w":59,"h":103},
	"rotated": false,
	"trimmed": false,
	"spriteSourceSize": {"x":0,"y":0,"w":59,"h":103},
	"sourceSize": {"w":59,"h":103}
}
,{
	"filename": "Stand0036",
	"frame": {"x":236,"y":412,"w":59,"h":103},
	"rotated": false,
	"trimmed": false,
	"spriteSourceSize": {"x":0,"y":0,"w":59,"h":103},
	"sourceSize": {"w":59,"h":103}
}
,{
	"filename": "Stand0037",
	"frame": {"x":295,"y":412,"w":59,"h":103},
	"rotated": false,
	"trimmed": false,
	"spriteSourceSize": {"x":0,"y":0,"w":59,"h":103},
	"sourceSize": {"w":59,"h":103}
}
,{
	"filename": "Stand0038",
	"frame": {"x":354,"y":412,"w":59,"h":103},
	"rotated": false,
	"trimmed": false,
	"spriteSourceSize": {"x":0,"y":0,"w":59,"h":103},
	"sourceSize": {"w":59,"h":103}
}
,{
	"filename": "Stand0039",
	"frame": {"x":413,"y":412,"w":59,"h":103},
	"rotated": false,
	"trimmed": false,
	"spriteSourceSize": {"x":0,"y":0,"w":59,"h":103},
	"sourceSize": {"w":59,"h":103}
}
,{
	"filename": "Stand0040",
	"frame": {"x":0,"y":515,"w":59,"h":103},
	"rotated": false,
	"trimmed": false,
	"spriteSourceSize": {"x":0,"y":0,"w":59,"h":103},
	"sourceSize": {"w":59,"h":103}
}],
"meta": {
	"app": "Adobe Flash Professional",
	"version": "13.0.0.759",
	"image": "player_stand.png",
	"format": "RGBA8888",
	"size": {"w":512,"h":1024},
	"scale": "1"
}
}
